epoch,time,train/box_loss,train/cls_loss,train/dfl_loss,metrics/precision(B),metrics/recall(B),metrics/mAP50(B),metrics/mAP50-95(B),val/box_loss,val/cls_loss,val/dfl_loss,lr/pg0,lr/pg1,lr/pg2
1,26.5821,2.71374,2.53058,1.95066,0.53648,0.31533,0.15372,0.06936,1.91442,inf,1.61147,0.00034296,0.00034296,0.00034296
2,44.018,1.62791,1.27616,1.27827,0.02375,0.01893,0.01065,0.00335,4.58074,inf,4.85329,0.000698824,0.000698824,0.000698824
3,60.8595,1.55398,1.16856,1.21466,0.29964,0.376,0.27748,0.11829,1.98454,2.48456,1.77474,0.00105327,0.00105327,0.00105327
4,77.7987,1.5252,1.13109,1.1963,0.08125,0.19218,0.05475,0.01836,2.59636,2.96812,2.48775,0.00140631,0.00140631,0.00140631
5,94.46,1.49551,1.10406,1.18203,0.52178,0.63715,0.5288,0.25686,1.52333,inf,1.36385,0.00141768,0.00141768,0.00141768
6,111.352,1.42724,1.03086,1.13026,0.50943,0.70282,0.54437,0.27478,1.58254,inf,1.32339,0.00141485,0.00141485,0.00141485
7,128.234,1.40775,0.98117,1.12192,0.50812,0.73198,0.58828,0.29837,1.52455,1.98627,1.26401,0.00141202,0.00141202,0.00141202
8,145.033,1.37588,0.95522,1.10003,0.32874,0.38655,0.31265,0.13897,1.95421,2.33198,1.79878,0.00140919,0.00140919,0.00140919
9,161.574,1.36554,0.95488,1.08344,0.47382,0.47345,0.43682,0.24651,1.49475,1.25149,1.25247,0.00140636,0.00140636,0.00140636
10,178.469,1.33023,0.90332,1.07364,0.62117,0.73659,0.6845,0.40516,1.31022,0.92336,1.08048,0.00140354,0.00140354,0.00140354
11,195.098,1.31249,0.88068,1.05972,0.2988,0.15789,0.16701,0.08501,2.48755,2.90346,1.99241,0.00140071,0.00140071,0.00140071
12,211.733,1.29909,0.86977,1.05489,0.62528,0.74704,0.69699,0.4053,1.37028,0.99563,1.11037,0.00139788,0.00139788,0.00139788
13,228.516,1.27798,0.85564,1.04191,0.48457,0.48825,0.45428,0.26472,1.43789,1.2437,1.25168,0.00139505,0.00139505,0.00139505
14,245.191,1.26094,0.82933,1.03936,0.65673,0.82913,0.73328,0.43776,1.2573,1.00197,1.02795,0.00139222,0.00139222,0.00139222
15,261.849,1.24794,0.85566,1.03513,0.69477,0.79542,0.69994,0.3823,1.34489,0.85425,1.0581,0.00138939,0.00138939,0.00138939
16,278.497,1.24431,0.82318,1.02701,0.4594,0.41727,0.42313,0.22533,1.62018,1.23943,1.29659,0.00138656,0.00138656,0.00138656
17,295.09,1.24209,0.82649,1.03061,0.63006,0.76716,0.68997,0.39041,1.33258,0.82929,1.04684,0.00138373,0.00138373,0.00138373
18,311.754,1.24514,0.81159,1.02588,0.60827,0.63545,0.60958,0.34783,1.32133,0.8573,1.06743,0.0013809,0.0013809,0.0013809
19,328.416,1.23851,0.80376,1.02631,0.7241,0.79113,0.74026,0.43568,1.23168,0.85267,1.00741,0.00137807,0.00137807,0.00137807
20,345.012,1.22728,0.80248,1.01497,0.5785,0.53567,0.57889,0.35066,1.26788,0.881,1.04588,0.00137524,0.00137524,0.00137524
21,361.6,1.22703,0.79892,1.01909,0.45929,0.43074,0.43529,0.2547,1.46073,1.47357,1.24947,0.00137241,0.00137241,0.00137241
22,378.137,1.22231,0.78798,1.01332,0.42572,0.24112,0.28672,0.16179,1.89312,inf,1.56444,0.00136958,0.00136958,0.00136958
23,394.7,1.21067,0.78257,1.01056,0.71426,0.8277,0.79088,0.50095,1.1788,0.73712,0.98454,0.00136675,0.00136675,0.00136675
24,411.432,1.20848,0.77249,1.0026,0.66385,0.7356,0.74426,0.47382,1.22484,0.74659,0.99241,0.00136392,0.00136392,0.00136392
25,427.994,1.20739,0.76046,1.00311,0.50043,0.42573,0.48022,0.28197,1.42497,1.24757,1.27839,0.00136109,0.00136109,0.00136109
26,444.6,1.19108,0.75403,1.00139,0.67183,0.75002,0.73347,0.4427,1.21236,0.79815,1.00094,0.00135826,0.00135826,0.00135826
27,461.252,1.17517,0.74632,0.99523,0.74492,0.84858,0.78028,0.47775,1.14819,0.69273,0.96964,0.00135544,0.00135544,0.00135544
28,477.804,1.19142,0.76047,0.99639,0.40875,0.36503,0.33091,0.17274,1.78921,1.73687,1.53188,0.00135261,0.00135261,0.00135261
29,494.424,1.19451,0.75083,0.99444,0.70795,0.86261,0.83207,0.54016,1.18628,0.73176,0.98079,0.00134978,0.00134978,0.00134978
30,511.114,1.17214,0.72545,0.99084,0.42728,0.38702,0.35804,0.18608,1.80543,1.70208,1.61467,0.00134695,0.00134695,0.00134695
31,527.691,1.19873,0.74233,0.99598,0.72408,0.79731,0.76148,0.46421,1.2187,0.76227,1.00854,0.00134412,0.00134412,0.00134412
32,544.371,1.16047,0.7173,0.98497,0.59093,0.62538,0.58661,0.338,1.36081,1.03745,1.09772,0.00134129,0.00134129,0.00134129
33,560.99,1.19033,0.75818,0.9975,0.53258,0.49321,0.50977,0.29501,1.41556,1.07148,1.14414,0.00133846,0.00133846,0.00133846
34,577.61,1.16522,0.73192,0.99303,0.73575,0.81558,0.79423,0.476,1.221,0.76332,1.00506,0.00133563,0.00133563,0.00133563
35,594.18,1.18611,0.73951,0.99038,0.46009,0.41293,0.39752,0.20783,1.76163,1.47092,1.52034,0.0013328,0.0013328,0.0013328
36,610.768,1.16382,0.72226,0.98938,0.75971,0.61031,0.71397,0.43258,1.21037,0.75169,1.00212,0.00132997,0.00132997,0.00132997
37,627.263,1.16136,0.7184,0.98437,0.60261,0.55602,0.5801,0.34872,1.2934,0.88282,1.06652,0.00132714,0.00132714,0.00132714
38,643.894,1.16424,0.72476,0.9851,0.27486,0.19822,0.1933,0.09377,2.26591,3.08576,1.87291,0.00132431,0.00132431,0.00132431
39,660.399,1.14798,0.70218,0.97621,0.26451,0.26782,0.19637,0.08374,2.25847,2.46891,2.05276,0.00132148,0.00132148,0.00132148
40,677.028,1.15122,0.69876,0.97202,0.76827,0.86297,0.82242,0.51493,1.19566,0.70413,0.98834,0.00131865,0.00131865,0.00131865
41,693.606,1.15051,0.69921,0.98454,0.47113,0.44305,0.43674,0.23436,1.6069,1.49679,1.4865,0.00131582,0.00131582,0.00131582
42,710.171,1.17669,0.72749,0.98694,0.69965,0.83878,0.79546,0.4995,1.1995,0.72218,1.00296,0.00131299,0.00131299,0.00131299
43,726.577,1.14716,0.7046,0.9817,0.4895,0.35936,0.40895,0.22995,1.60188,1.83989,1.30148,0.00131016,0.00131016,0.00131016
44,743.148,1.13904,0.6976,0.9775,0.24122,0.36251,0.30505,0.16288,2.04133,inf,1.61191,0.00130733,0.00130733,0.00130733
45,759.51,1.14717,0.71393,0.98123,0.19304,0.02338,0.09946,0.04321,4.07986,inf,3.13452,0.00130451,0.00130451,0.00130451
46,776.128,1.16078,0.72541,0.98736,0.75185,0.88782,0.83775,0.55304,1.12946,0.632,0.95146,0.00130168,0.00130168,0.00130168
47,792.788,1.13469,0.69427,0.97567,0.42922,0.37034,0.37842,0.20014,1.68672,1.58866,1.50617,0.00129885,0.00129885,0.00129885
48,809.356,1.13959,0.68635,0.97015,0.68356,0.81409,0.75019,0.46346,1.19194,0.71151,0.98103,0.00129602,0.00129602,0.00129602
49,825.829,1.1337,0.67368,0.96381,0.78242,0.87395,0.85987,0.5692,1.10988,0.61826,0.94312,0.00129319,0.00129319,0.00129319
50,842.522,1.14148,0.68253,0.96819,0.52611,0.45526,0.47687,0.26675,1.58482,1.251,1.37856,0.00129036,0.00129036,0.00129036
51,859.071,1.13338,0.66724,0.96414,0.6679,0.68407,0.70982,0.42235,1.23337,0.77247,1.01675,0.00128753,0.00128753,0.00128753
52,875.642,1.13103,0.67351,0.96264,0.72266,0.88993,0.8405,0.5517,1.11792,0.61886,0.94085,0.0012847,0.0012847,0.0012847
53,892.119,1.12998,0.65927,0.96063,0.74715,0.81085,0.80855,0.51051,1.13862,0.66632,0.96306,0.00128187,0.00128187,0.00128187
54,908.677,1.11779,0.65935,0.95864,0.39916,0.25369,0.28119,0.15013,1.92653,2.46672,1.74658,0.00127904,0.00127904,0.00127904
55,925.174,1.13166,0.6679,0.96674,0.59976,0.61438,0.59478,0.36668,1.25307,1.00303,1.02991,0.00127621,0.00127621,0.00127621
56,941.809,1.12137,0.65663,0.96278,0.72933,0.82448,0.79841,0.50849,1.12817,0.66072,0.95378,0.00127338,0.00127338,0.00127338
57,958.308,1.12564,0.66349,0.96676,0.46693,0.4229,0.39514,0.2172,1.57978,1.68303,1.30173,0.00127055,0.00127055,0.00127055
58,974.935,1.10704,0.65879,0.96416,0.73819,0.84903,0.82685,0.54597,1.14404,0.65806,0.96565,0.00126772,0.00126772,0.00126772
59,991.379,1.11568,0.6695,0.95928,0.52264,0.33131,0.40164,0.24286,1.65858,2.09372,1.34379,0.00126489,0.00126489,0.00126489
60,1007.96,1.11485,0.66023,0.97177,0.60488,0.70796,0.66881,0.41514,1.22327,0.7361,1.00954,0.00126206,0.00126206,0.00126206
61,1024.53,1.10331,0.6502,0.96157,0.74854,0.69768,0.74998,0.48667,1.1587,0.72116,0.99125,0.00125923,0.00125923,0.00125923
62,1041.21,1.1082,0.64669,0.95631,0.75181,0.85476,0.82436,0.52981,1.16711,0.63976,0.96123,0.00125641,0.00125641,0.00125641
63,1057.79,1.1211,0.65083,0.96236,0.75602,0.81849,0.83255,0.53646,1.13822,0.64093,0.95276,0.00125358,0.00125358,0.00125358
64,1074.42,1.12318,0.65669,0.95679,0.77416,0.9004,0.86913,0.57144,1.14523,0.61609,0.93687,0.00125075,0.00125075,0.00125075
65,1091,1.1019,0.63866,0.95328,0.19946,0.22327,0.1876,0.09677,2.42121,inf,1.91222,0.00124792,0.00124792,0.00124792
66,1107.69,1.1023,0.63266,0.95353,0.43031,0.34566,0.30539,0.14588,1.96208,1.78478,1.65608,0.00124509,0.00124509,0.00124509
67,1124.15,1.0969,0.65816,0.95803,0.29359,0.17083,0.22359,0.11929,2.47943,inf,1.90138,0.00124226,0.00124226,0.00124226
68,1140.76,1.11626,0.66673,0.95747,0.58836,0.61007,0.54933,0.30928,1.38867,1.01013,1.15272,0.00123943,0.00123943,0.00123943
69,1157.32,1.10742,0.6457,0.9526,0.76572,0.85744,0.84146,0.55917,1.11087,0.61688,0.94123,0.0012366,0.0012366,0.0012366
70,1173.84,1.09823,0.6394,0.95192,0.40917,0.32113,0.30403,0.15666,1.90158,2.0015,1.67343,0.00123377,0.00123377,0.00123377
71,1190.4,1.09742,0.64014,0.95037,0.39325,0.41443,0.35711,0.18523,1.84539,1.58591,1.69691,0.00123094,0.00123094,0.00123094
72,1206.99,1.1101,0.64332,0.95385,0.75786,0.6657,0.75782,0.47515,1.15626,0.68246,0.97188,0.00122811,0.00122811,0.00122811
73,1223.49,1.10021,0.63139,0.95183,0.4182,0.22082,0.26266,0.12673,2.17134,inf,1.82103,0.00122528,0.00122528,0.00122528
74,1239.94,1.08372,0.61351,0.94966,0.21302,0.08119,0.14008,0.07865,3.12822,5.90222,2.36315,0.00122245,0.00122245,0.00122245
75,1256.51,1.0845,0.6262,0.94889,0.47835,0.29513,0.35747,0.19848,1.83278,inf,1.54489,0.00121962,0.00121962,0.00121962
76,1273.06,1.10387,0.63725,0.95531,0.46653,0.33725,0.37261,0.20243,1.80745,1.94982,1.50729,0.00121679,0.00121679,0.00121679
77,1289.57,1.0829,0.6292,0.94771,0.68803,0.71626,0.68975,0.42919,1.21182,0.76976,1.02296,0.00121396,0.00121396,0.00121396
78,1306.21,1.08173,0.63038,0.94471,0.5607,0.49738,0.51974,0.31871,1.38218,1.28772,1.14457,0.00121113,0.00121113,0.00121113
79,1322.75,1.07027,0.61471,0.94455,0.22456,0.37594,0.25511,0.12718,2.24008,inf,1.59638,0.00120831,0.00120831,0.00120831
80,1339.29,1.07153,0.61897,0.94605,0.4786,0.42633,0.4316,0.24491,1.60621,1.50089,1.38939,0.00120548,0.00120548,0.00120548
81,1355.79,1.07229,0.61617,0.94546,0.45724,0.22659,0.29884,0.1649,1.84418,2.79287,1.50258,0.00120265,0.00120265,0.00120265
82,1372.34,1.10107,0.62964,0.95675,0.47168,0.28374,0.33979,0.18965,1.88338,2.46027,1.58254,0.00119982,0.00119982,0.00119982
83,1388.78,1.0831,0.61008,0.94438,0.29994,0.22688,0.26862,0.14367,2.24686,inf,1.67238,0.00119699,0.00119699,0.00119699
84,1405.3,1.08325,0.60628,0.94402,0.26475,0.33983,0.30611,0.16947,2.05152,inf,1.61671,0.00119416,0.00119416,0.00119416
85,1421.88,1.08513,0.61623,0.94563,0.58178,0.54036,0.55703,0.35013,1.28399,0.955,1.05007,0.00119133,0.00119133,0.00119133
86,1438.38,1.06787,0.60078,0.93928,0.25973,0.14708,0.17599,0.0982,2.62206,5.06129,1.94971,0.0011885,0.0011885,0.0011885
87,1454.89,1.05867,0.60066,0.94386,0.78716,0.82102,0.83983,0.56215,1.08409,0.59442,0.93552,0.00118567,0.00118567,0.00118567
88,1471.31,1.07153,0.59698,0.94223,0.26349,0.12307,0.18789,0.09882,2.57102,inf,1.90295,0.00118284,0.00118284,0.00118284
89,1487.78,1.06391,0.59979,0.94531,0.74614,0.77611,0.76005,0.47134,1.19311,0.72962,1.00187,0.00118001,0.00118001,0.00118001
90,1504.44,1.07306,0.61498,0.94564,0.45915,0.3706,0.38337,0.21534,1.66366,1.69818,1.30823,0.00117718,0.00117718,0.00117718
91,1520.97,1.07579,0.60534,0.93896,0.63672,0.61447,0.62644,0.40079,1.19104,0.74578,1.00058,0.00117435,0.00117435,0.00117435
92,1537.56,1.0628,0.58779,0.93365,0.57487,0.5618,0.55091,0.34462,1.26935,0.90817,1.0594,0.00117152,0.00117152,0.00117152
93,1554.09,1.05163,0.59205,0.93216,0.85865,0.76095,0.85052,0.58423,1.07765,0.5934,0.93514,0.00116869,0.00116869,0.00116869
94,1570.68,1.04663,0.59253,0.93519,0.13176,0.02903,0.06897,0.04376,3.79275,7.09191,2.99914,0.00116586,0.00116586,0.00116586
95,1587.21,1.05737,0.59714,0.93913,0.56464,0.55354,0.55472,0.34154,1.29923,1.00561,1.10823,0.00116303,0.00116303,0.00116303
96,1603.69,1.07307,0.61112,0.94163,0.48701,0.25685,0.3216,0.1788,1.82856,2.47356,1.368,0.00116021,0.00116021,0.00116021
97,1620.27,1.05493,0.5989,0.93685,0.80875,0.86051,0.86197,0.58367,1.10386,0.58856,0.93751,0.00115738,0.00115738,0.00115738
98,1636.97,1.08182,0.60297,0.94346,0.7576,0.87973,0.82965,0.54365,1.1221,0.63198,0.96387,0.00115455,0.00115455,0.00115455
99,1653.56,1.06347,0.5971,0.93692,0.77869,0.8903,0.8401,0.56251,1.1121,0.60808,0.94274,0.00115172,0.00115172,0.00115172
100,1670.13,1.054,0.58017,0.93576,0.64027,0.58436,0.60593,0.34878,1.41323,0.83099,1.05464,0.00114889,0.00114889,0.00114889
101,1686.69,1.05376,0.60055,0.93497,0.64439,0.68267,0.65561,0.41755,1.15024,0.70738,0.96823,0.00114606,0.00114606,0.00114606
102,1703.24,1.05938,0.59195,0.93657,0.60856,0.60618,0.5856,0.36652,1.22545,0.89517,1.00314,0.00114323,0.00114323,0.00114323
103,1719.79,1.05851,0.59074,0.93495,0.39451,0.19215,0.23202,0.1217,2.14363,inf,1.74833,0.0011404,0.0011404,0.0011404
104,1736.38,1.04617,0.59541,0.93442,0.52294,0.47564,0.48773,0.29133,1.39386,1.22448,1.20288,0.00113757,0.00113757,0.00113757
105,1752.82,1.07038,0.59723,0.93895,0.63423,0.73932,0.67064,0.41013,1.21285,0.77052,1.01487,0.00113474,0.00113474,0.00113474
106,1769.39,1.04445,0.58606,0.93883,0.51011,0.49147,0.46244,0.26949,1.5268,1.37136,1.31896,0.00113191,0.00113191,0.00113191
107,1785.91,1.04551,0.58577,0.93207,0.73783,0.65429,0.70682,0.46396,1.16726,0.70731,0.98306,0.00112908,0.00112908,0.00112908
108,1802.36,1.05548,0.57814,0.93111,0.19234,0.20794,0.17252,0.09668,2.24571,inf,1.80535,0.00112625,0.00112625,0.00112625
109,1818.83,1.03874,0.57558,0.93281,0.49659,0.3914,0.40988,0.22492,1.59362,1.6149,1.31797,0.00112342,0.00112342,0.00112342
110,1835.36,1.05402,0.58017,0.93603,0.42054,0.24297,0.28446,0.15682,1.93715,inf,1.64963,0.00112059,0.00112059,0.00112059
111,1851.79,1.04526,0.57173,0.93188,0.21022,0.16185,0.16068,0.08439,2.46009,inf,1.85997,0.00111776,0.00111776,0.00111776
112,1868.34,1.03975,0.57245,0.92616,0.68006,0.80897,0.72016,0.46681,1.10962,0.64643,0.95735,0.00111493,0.00111493,0.00111493
113,1884.74,1.03861,0.56592,0.92833,0.72554,0.80701,0.76927,0.51114,1.12628,0.62575,0.95352,0.0011121,0.0011121,0.0011121
114,1901.33,1.0485,0.57598,0.93568,0.69155,0.71416,0.68297,0.40975,1.22854,0.81387,1.00379,0.00110928,0.00110928,0.00110928
115,1917.76,1.03221,0.56959,0.93096,0.21835,0.21977,0.20718,0.11152,2.19792,3.64737,1.78018,0.00110645,0.00110645,0.00110645
116,1934.32,1.03845,0.57113,0.93093,0.61075,0.55842,0.56743,0.35949,1.27319,1.00082,1.04276,0.00110362,0.00110362,0.00110362
117,1950.81,1.03153,0.57142,0.92916,0.21876,0.4017,0.29011,0.15772,1.81587,inf,1.45495,0.00110079,0.00110079,0.00110079
118,1967.43,1.04245,0.58334,0.93662,0.57981,0.52406,0.54689,0.34541,1.25409,0.94612,1.03297,0.00109796,0.00109796,0.00109796
119,1983.84,1.05448,0.61129,0.93623,0.25707,0.02487,0.13259,0.06975,3.88777,7.09191,3.33033,0.00109513,0.00109513,0.00109513
120,2000.41,1.0399,0.56803,0.92963,0.69106,0.65704,0.69262,0.41543,1.27032,0.82178,1.06847,0.0010923,0.0010923,0.0010923
121,2016.99,1.03405,0.56561,0.92598,0.59925,0.59717,0.58165,0.34754,1.3448,1.02066,1.13449,0.00108947,0.00108947,0.00108947
122,2033.39,1.02524,0.55886,0.92633,0.26186,0.02781,0.13808,0.08293,3.80497,6.56979,2.95875,0.00108664,0.00108664,0.00108664
123,2049.98,1.02646,0.55739,0.92409,0.77484,0.8985,0.85893,0.58114,1.08403,0.58276,0.93329,0.00108381,0.00108381,0.00108381
124,2066.52,1.02773,0.55444,0.92675,0.72627,0.77806,0.75821,0.48409,1.18136,0.75768,1.00315,0.00108098,0.00108098,0.00108098
125,2082.99,1.03195,0.56419,0.93085,0.53235,0.24755,0.33993,0.19931,1.84853,2.53395,1.46462,0.00107815,0.00107815,0.00107815
126,2099.56,1.04508,0.56695,0.92673,0.80634,0.87045,0.84728,0.57128,1.09164,0.59157,0.94006,0.00107532,0.00107532,0.00107532
127,2116.11,1.01919,0.54998,0.92019,0.52611,0.44302,0.45373,0.2638,1.54646,1.44586,1.31665,0.00107249,0.00107249,0.00107249
128,2132.56,1.01406,0.5461,0.92198,0.30327,0.15466,0.22106,0.12366,2.3403,inf,1.698,0.00106966,0.00106966,0.00106966
129,2148.98,1.04202,0.57785,0.93021,0.35717,0.01422,0.18049,0.11385,3.68106,7.64451,2.87097,0.00106683,0.00106683,0.00106683
130,2165.54,1.03108,0.55573,0.92429,0.73659,0.83265,0.82124,0.55891,1.09242,0.58667,0.93957,0.001064,0.001064,0.001064
131,2181.96,1.02857,0.55897,0.92245,0.2857,0.34167,0.32784,0.1906,1.79509,inf,1.411,0.00106118,0.00106118,0.00106118
132,2198.5,1.02969,0.55853,0.92804,0.58733,0.50199,0.52182,0.32343,1.3246,1.09346,1.09862,0.00105835,0.00105835,0.00105835
133,2215.06,1.02209,0.5456,0.91994,0.78172,0.8815,0.8439,0.57596,1.07415,0.57042,0.92865,0.00105552,0.00105552,0.00105552
134,2231.64,1.01293,0.55128,0.92246,0.75895,0.85679,0.80706,0.54388,1.09039,0.59343,0.93548,0.00105269,0.00105269,0.00105269
135,2248.26,1.03291,0.5663,0.93235,0.76183,0.85482,0.81768,0.55667,1.07646,0.58128,0.93595,0.00104986,0.00104986,0.00104986
136,2264.87,1.00821,0.54187,0.92143,0.6002,0.65011,0.58015,0.35371,1.29676,0.8451,1.09549,0.00104703,0.00104703,0.00104703
137,2281.41,1.03043,0.55511,0.93127,0.78635,0.86611,0.82909,0.55174,1.11532,0.61634,0.9542,0.0010442,0.0010442,0.0010442
138,2298.04,1.02258,0.55642,0.92372,0.73346,0.69035,0.71357,0.46542,1.14108,0.67116,0.96405,0.00104137,0.00104137,0.00104137
139,2314.64,1.01497,0.54543,0.92151,0.75166,0.87024,0.8448,0.57781,1.08544,0.57651,0.93577,0.00103854,0.00103854,0.00103854
140,2331.23,1.01162,0.54347,0.92012,0.75734,0.89679,0.82435,0.55893,1.08921,0.58009,0.94686,0.00103571,0.00103571,0.00103571
141,2347.77,1.01372,0.55471,0.92263,0.53786,0.38413,0.44749,0.27576,1.48257,1.65907,1.20628,0.00103288,0.00103288,0.00103288
142,2364.36,1.00313,0.54021,0.91763,0.78212,0.84123,0.82225,0.55933,1.09258,0.5809,0.94354,0.00103005,0.00103005,0.00103005
143,2380.88,1.00933,0.55693,0.92472,0.74492,0.82083,0.76776,0.50134,1.12849,0.63808,0.96024,0.00102722,0.00102722,0.00102722
144,2397.46,1.02187,0.54518,0.92576,0.81148,0.86621,0.85374,0.57935,1.08336,0.57068,0.93537,0.00102439,0.00102439,0.00102439
145,2413.99,0.99986,0.53611,0.91844,0.41852,0.32851,0.32999,0.18135,1.76537,1.94364,1.56705,0.00102156,0.00102156,0.00102156
146,2430.53,1.00258,0.53603,0.92024,0.56699,0.56606,0.53575,0.32491,1.3614,1.01868,1.18362,0.00101873,0.00101873,0.00101873
147,2447.1,0.9953,0.53354,0.91373,0.58235,0.5945,0.53454,0.30745,1.41898,1.0852,1.20126,0.0010159,0.0010159,0.0010159
148,2463.58,0.99194,0.53656,0.91704,0.24728,0.21432,0.21586,0.11344,2.1217,inf,1.75384,0.00101308,0.00101308,0.00101308
149,2480.13,1.00112,0.53554,0.91827,0.61433,0.63183,0.59396,0.38309,1.19052,0.86258,1.00414,0.00101025,0.00101025,0.00101025
150,2496.51,1.01424,0.54022,0.92202,0.13462,0.0223,0.07282,0.04592,3.519,7.03826,2.65727,0.00100742,0.00100742,0.00100742
151,20.1546,1.23771,0.80044,1.0464,0,0,0,0,nan,nan,nan,0.00100459,0.00100459,0.00100459
152,36.9364,1.15851,0.70379,0.97806,0,0,0,0,nan,nan,nan,0.00100176,0.00100176,0.00100176
153,53.6046,1.1312,0.66591,0.96505,0.45854,0.49618,0.39108,0.1935,1.97243,1.68245,1.31871,0.000998928,0.000998928,0.000998928
154,70.235,1.10205,0.62683,0.95167,0.65642,0.83284,0.7287,0.46283,1.19246,0.68432,0.97886,0.000996099,0.000996099,0.000996099
155,86.9022,1.09158,0.63437,0.95292,0.70819,0.83076,0.74203,0.4623,1.22155,0.65716,0.9853,0.000993269,0.000993269,0.000993269
156,103.503,1.09982,0.63137,0.95123,0.7235,0.8617,0.7934,0.52343,1.13616,0.61933,0.95204,0.00099044,0.00099044,0.00099044
157,120.208,1.06492,0.60967,0.94218,0.80096,0.86475,0.82892,0.55393,1.10556,0.5987,0.94164,0.00098761,0.00098761,0.00098761
158,137.093,1.07494,0.60484,0.94248,0.49303,0.41768,0.40201,0.22139,1.72178,1.55062,1.62896,0.000984781,0.000984781,0.000984781
159,153.642,1.06164,0.59177,0.94098,0.76213,0.8468,0.82654,0.54795,1.12443,0.60834,0.95617,0.000981952,0.000981952,0.000981952
160,170.279,1.06299,0.59254,0.9392,0.61476,0.57775,0.56794,0.32336,1.41506,0.94618,1.09197,0.000979122,0.000979122,0.000979122
161,186.817,1.06172,0.58581,0.93452,0.1453,0.07708,0.08742,0.04823,3.20891,inf,2.67862,0.000976293,0.000976293,0.000976293
162,203.36,1.03979,0.56665,0.93213,0.78636,0.88348,0.85511,0.57353,1.09566,0.57917,0.93612,0.000973463,0.000973463,0.000973463
163,17.5696,1.09657,0.63724,0.95676,0.50691,0.44992,0.44495,0.22254,1.774,1.49063,1.53848,0.000970634,0.000970634,0.000970634
164,34.3203,1.07643,0.61454,0.94354,0.64155,0.82043,0.68547,0.43496,1.20543,0.65955,0.98738,0.000967805,0.000967805,0.000967805
165,51.0046,1.063,0.59781,0.94045,0.58682,0.62025,0.5998,0.37759,1.23825,0.78037,1.00503,0.000964975,0.000964975,0.000964975
166,67.6489,1.04451,0.57517,0.93279,0.68278,0.67133,0.64709,0.38704,1.26593,0.79834,1.03528,0.000962146,0.000962146,0.000962146
167,84.2657,1.0392,0.58177,0.93318,0.74665,0.8931,0.80832,0.53722,1.11035,0.59134,0.94049,0.000959316,0.000959316,0.000959316
168,100.831,1.04647,0.57757,0.93312,0.66144,0.63671,0.62133,0.38047,1.28038,0.97867,1.07254,0.000956487,0.000956487,0.000956487
169,117.44,1.01855,0.56036,0.92484,0.74787,0.76932,0.72065,0.44556,1.16228,0.67831,0.97646,0.000953657,0.000953657,0.000953657
170,133.969,1.03083,0.5628,0.92736,0.20557,0.21343,0.18209,0.09057,2.50474,3.93608,2.06571,0.000950828,0.000950828,0.000950828
171,150.511,1.02563,0.55957,0.92398,0.37593,0.15878,0.18973,0.0969,2.40969,inf,2.25418,0.000947999,0.000947999,0.000947999
172,17.5525,1.06509,0.59612,0.93908,0.63404,0.59147,0.62586,0.34933,1.45904,0.948,1.11899,0.000945169,0.000945169,0.000945169
173,34.2865,1.04743,0.5864,0.92925,0.58123,0.6519,0.58728,0.34259,1.34188,0.87804,1.08443,0.00094234,0.00094234,0.00094234
174,51.0053,1.03095,0.56524,0.92771,0.52223,0.38823,0.43008,0.24144,1.64891,1.79961,1.24929,0.00093951,0.00093951,0.00093951
175,67.7714,1.01672,0.54918,0.92307,0.72049,0.80946,0.73952,0.45891,1.1764,0.63497,0.97201,0.000936681,0.000936681,0.000936681
176,84.401,1.00666,0.55471,0.92285,0.69426,0.77798,0.68326,0.43052,1.20485,0.69919,1.00201,0.000933851,0.000933851,0.000933851
177,100.984,1.02124,0.55488,0.924,0.74656,0.82725,0.78823,0.51435,1.13727,0.63894,0.95973,0.000931022,0.000931022,0.000931022
178,117.621,0.99447,0.53849,0.91668,0.57788,0.52517,0.53103,0.32536,1.35604,1.03625,1.11499,0.000928193,0.000928193,0.000928193
179,134.215,1.00145,0.53629,0.91566,0.51689,0.42424,0.42988,0.24735,1.63241,1.48139,1.3741,0.000925363,0.000925363,0.000925363
180,150.816,0.98948,0.52873,0.91332,0.77603,0.88411,0.84054,0.56562,1.10441,0.58478,0.94493,0.000922534,0.000922534,0.000922534
181,167.455,1.01475,0.54589,0.92145,0.78604,0.89982,0.85371,0.57773,1.10369,0.57756,0.94144,0.000919704,0.000919704,0.000919704
182,184.097,1.02135,0.54261,0.92073,0.58884,0.47026,0.47864,0.27585,1.51751,1.27864,1.18248,0.000916875,0.000916875,0.000916875
183,200.646,0.99597,0.52998,0.91706,0.76448,0.87084,0.80466,0.53232,1.1077,0.58455,0.94755,0.000914046,0.000914046,0.000914046
184,217.381,1.01272,0.54351,0.92407,0.76558,0.8374,0.80584,0.51449,1.10669,0.60754,0.94508,0.000911216,0.000911216,0.000911216
185,17.6787,1.1678,1.1906,1.24594,0.45371,0.35411,0.37818,0.18436,2.08141,1.52146,1.50558,0.000908387,0.000908387,0.000908387
186,34.4364,1.08644,0.77106,0.9388,0.44731,0.38263,0.38134,0.20052,1.82604,1.52464,1.48518,0.000905557,0.000905557,0.000905557
187,51.1096,1.04322,0.66803,0.9204,0.7174,0.83754,0.75783,0.43944,1.13701,0.83168,0.96195,0.000902728,0.000902728,0.000902728
188,67.7434,1.01765,0.60186,0.90927,0.60222,0.58161,0.54854,0.28512,1.62208,1.15643,1.38576,0.000899898,0.000899898,0.000899898
189,84.3638,1.00961,0.59108,0.91344,0.78077,0.84074,0.80322,0.52,1.09936,0.62374,0.93401,0.000897069,0.000897069,0.000897069
190,100.919,1.00449,0.56401,0.91008,0.77856,0.89025,0.83788,0.54633,1.10994,0.60682,0.93733,0.00089424,0.00089424,0.00089424
191,117.541,0.97154,0.54331,0.90325,0.77268,0.83583,0.78389,0.49431,1.1576,0.65649,0.95785,0.00089141,0.00089141,0.00089141
192,134.078,0.98413,0.53931,0.90416,0.49079,0.24405,0.28892,0.15872,2.11315,2.71706,1.92174,0.000888581,0.000888581,0.000888581
193,17.4464,1.02528,0.57981,0.92358,0.43655,0.17276,0.22448,0.11843,2.2691,2.92412,2.06993,0.000885751,0.000885751,0.000885751
194,34.1625,1.02146,0.57133,0.9127,0.79086,0.85517,0.82265,0.5305,1.14965,0.62667,0.9503,0.000882922,0.000882922,0.000882922
195,50.7745,0.98626,0.53577,0.90499,0.81706,0.86581,0.85929,0.57882,1.11572,0.59211,0.94168,0.000880093,0.000880093,0.000880093
196,67.3738,0.96689,0.52235,0.90181,0.75356,0.85898,0.7784,0.50931,1.1142,0.59605,0.94669,0.000877263,0.000877263,0.000877263
197,83.9312,0.96354,0.52909,0.90359,0.74777,0.83607,0.79174,0.49657,1.1633,0.62605,0.9616,0.000874434,0.000874434,0.000874434
198,100.497,0.96832,0.52176,0.90348,0.72517,0.78537,0.7497,0.49278,1.14117,0.64863,0.96224,0.000871604,0.000871604,0.000871604
199,117.156,0.94894,0.51357,0.89886,0.52518,0.42836,0.43518,0.23754,1.66777,1.38434,1.43613,0.000868775,0.000868775,0.000868775
200,133.701,0.94509,0.50431,0.89561,0.76654,0.88879,0.85302,0.57621,1.1096,0.57674,0.93918,0.000865945,0.000865945,0.000865945
201,150.248,0.97012,0.52499,0.90472,0.67305,0.78167,0.70727,0.45734,1.14505,0.62809,0.95816,0.000863116,0.000863116,0.000863116
202,166.826,0.98584,0.53587,0.90887,0.77343,0.84769,0.82752,0.55746,1.10936,0.60116,0.9409,0.000860287,0.000860287,0.000860287
203,183.484,0.99196,0.53154,0.90731,0.71401,0.79753,0.77087,0.51488,1.15565,0.64426,0.96652,0.000857457,0.000857457,0.000857457
204,200.071,0.96889,0.52145,0.90369,0.73665,0.79698,0.75925,0.47113,1.17724,0.67655,0.96794,0.000854628,0.000854628,0.000854628
205,216.768,0.9728,0.51668,0.90284,0.7437,0.8556,0.77542,0.50994,1.12191,0.60147,0.95249,0.000851798,0.000851798,0.000851798
206,233.322,0.9863,0.53549,0.91346,0.77797,0.89293,0.8423,0.57081,1.08469,0.56306,0.9287,0.000848969,0.000848969,0.000848969
207,249.889,0.99281,0.54804,0.91875,0.78993,0.89648,0.87239,0.59076,1.10304,0.57774,0.93431,0.000846139,0.000846139,0.000846139
208,266.614,0.99706,0.5446,0.91412,0.69371,0.69048,0.65958,0.42288,1.15951,0.68439,0.97846,0.00084331,0.00084331,0.00084331
209,283.173,0.99166,0.53476,0.91381,0.72773,0.80905,0.77975,0.49335,1.17105,0.6613,0.96402,0.000840481,0.000840481,0.000840481
210,299.724,0.9923,0.525,0.9098,0.79554,0.91366,0.86099,0.59359,1.08517,0.55406,0.92396,0.000837651,0.000837651,0.000837651
211,316.476,0.98363,0.52417,0.9123,0.80336,0.90917,0.87242,0.59975,1.08492,0.55974,0.92143,0.000834822,0.000834822,0.000834822
212,333.154,1.00123,0.53637,0.91163,0.72828,0.80772,0.78486,0.51634,1.13991,0.63718,0.95039,0.000831992,0.000831992,0.000831992
213,349.792,0.98858,0.52638,0.9087,0.58161,0.56271,0.52763,0.31674,1.40599,1.13305,1.11427,0.000829163,0.000829163,0.000829163
214,366.235,0.99466,0.52536,0.90919,0.79891,0.90519,0.85927,0.58717,1.09033,0.55841,0.93215,0.000826334,0.000826334,0.000826334
215,382.806,0.97376,0.52209,0.90711,0.75237,0.82409,0.78534,0.51357,1.15231,0.6047,0.95215,0.000823504,0.000823504,0.000823504
216,399.337,0.97942,0.52548,0.90648,0.7997,0.8816,0.84855,0.57915,1.09875,0.57076,0.93301,0.000820675,0.000820675,0.000820675
217,415.947,0.96942,0.51726,0.90556,0.79038,0.86621,0.84967,0.57924,1.08757,0.5639,0.93164,0.000817845,0.000817845,0.000817845
218,432.468,0.96925,0.52088,0.90689,0.78979,0.90897,0.86279,0.58507,1.08992,0.56687,0.92816,0.000815016,0.000815016,0.000815016
219,449.154,0.96772,0.52358,0.90572,0.72557,0.75747,0.76461,0.50752,1.12387,0.61386,0.94604,0.000812186,0.000812186,0.000812186
220,465.635,0.96462,0.52121,0.90311,0.76405,0.84651,0.8116,0.53303,1.14677,0.60833,0.9571,0.000809357,0.000809357,0.000809357
221,482.251,0.98347,0.52135,0.90361,0.57747,0.54663,0.52886,0.31874,1.37743,1.03945,1.16595,0.000806528,0.000806528,0.000806528
222,498.766,0.96063,0.5026,0.903,0.79846,0.91183,0.86326,0.59419,1.0787,0.55569,0.92875,0.000803698,0.000803698,0.000803698
223,515.38,0.96099,0.50967,0.90165,0.77749,0.87453,0.83574,0.57076,1.0942,0.56439,0.93817,0.000800869,0.000800869,0.000800869
224,531.975,0.96399,0.5131,0.90309,0.7893,0.8856,0.86311,0.59276,1.09355,0.5657,0.93624,0.000798039,0.000798039,0.000798039
225,548.627,0.96776,0.51658,0.90357,0.80032,0.86525,0.84844,0.57725,1.09948,0.57849,0.93437,0.00079521,0.00079521,0.00079521
226,565.114,0.96775,0.51352,0.90656,0.8155,0.88322,0.86212,0.59727,1.08623,0.55616,0.92965,0.00079238,0.00079238,0.00079238
227,581.713,0.98367,0.51839,0.90529,0.65485,0.61997,0.59764,0.3686,1.26379,0.84708,1.03445,0.000789551,0.000789551,0.000789551
228,598.235,0.95529,0.5088,0.90489,0.59563,0.51938,0.53804,0.33891,1.31476,1.01753,1.07405,0.000786722,0.000786722,0.000786722
229,614.789,0.95224,0.50266,0.90015,0.79036,0.89452,0.85614,0.59021,1.08223,0.55842,0.9241,0.000783892,0.000783892,0.000783892
230,631.544,0.95802,0.50559,0.90297,0.78533,0.88382,0.84275,0.57331,1.10003,0.56522,0.93473,0.000781063,0.000781063,0.000781063
231,648.108,0.95088,0.50292,0.90091,0.81158,0.90065,0.8729,0.60246,1.08918,0.55356,0.93009,0.000778233,0.000778233,0.000778233
232,664.846,0.95404,0.50237,0.89919,0.7732,0.88302,0.84292,0.57081,1.12389,0.57848,0.94145,0.000775404,0.000775404,0.000775404
233,681.487,0.95908,0.51137,0.90684,0.64452,0.69352,0.6509,0.41275,1.22983,0.713,1.00171,0.000772575,0.000772575,0.000772575
234,698.006,0.98291,0.52469,0.90724,0.79587,0.90047,0.86029,0.59416,1.09151,0.55752,0.93176,0.000769745,0.000769745,0.000769745
235,714.571,0.95727,0.50823,0.90345,0.62543,0.65334,0.61468,0.39823,1.19843,0.72668,0.99798,0.000766916,0.000766916,0.000766916
236,731.246,0.95281,0.50525,0.9021,0.78004,0.90879,0.86721,0.60131,1.08685,0.55931,0.93022,0.000764086,0.000764086,0.000764086
237,747.871,0.95668,0.50953,0.90419,0.80136,0.90866,0.86292,0.59841,1.08248,0.55289,0.92706,0.000761257,0.000761257,0.000761257
238,764.441,0.95469,0.53296,0.90846,0.78167,0.90847,0.85406,0.58884,1.09587,0.55165,0.93477,0.000758427,0.000758427,0.000758427
239,781.041,0.94272,0.50334,0.8982,0.57718,0.54376,0.49898,0.29074,1.47748,1.19467,1.1812,0.000755598,0.000755598,0.000755598
240,797.587,0.95656,0.50379,0.90221,0.65756,0.67327,0.62347,0.37454,1.30145,0.83518,1.0734,0.000752769,0.000752769,0.000752769
241,814.136,0.93951,0.49654,0.89688,0.79661,0.90875,0.86703,0.59312,1.08262,0.55199,0.93044,0.000749939,0.000749939,0.000749939
242,830.697,0.97105,0.50993,0.90229,0.58476,0.6717,0.57817,0.34685,1.33124,0.83936,1.08758,0.00074711,0.00074711,0.00074711
243,847.284,0.94484,0.49678,0.89937,0.76661,0.88593,0.83718,0.55163,1.10456,0.56393,0.93977,0.00074428,0.00074428,0.00074428
244,863.797,0.94275,0.49616,0.89546,0.6076,0.58881,0.57371,0.36712,1.24367,0.83702,1.01959,0.000741451,0.000741451,0.000741451
245,880.327,0.9389,0.49057,0.89546,0.7871,0.87698,0.83443,0.55454,1.13247,0.60468,0.95939,0.000738622,0.000738622,0.000738622
246,896.868,0.93268,0.49392,0.89519,0.81213,0.88166,0.85783,0.59648,1.09128,0.55725,0.9282,0.000735792,0.000735792,0.000735792
247,913.436,0.94457,0.4945,0.89829,0.79219,0.89958,0.85831,0.59252,1.1014,0.5638,0.9327,0.000732963,0.000732963,0.000732963
248,930.055,0.93125,0.48879,0.89375,0.78214,0.89799,0.85976,0.59033,1.09611,0.5643,0.94036,0.000730133,0.000730133,0.000730133
249,946.633,0.94863,0.49643,0.90097,0.77375,0.88434,0.84478,0.57254,1.10084,0.56816,0.93704,0.000727304,0.000727304,0.000727304
250,963.21,0.92791,0.4884,0.89424,0.69549,0.74489,0.70761,0.47218,1.13209,0.61101,0.94928,0.000724474,0.000724474,0.000724474
251,979.788,0.9392,0.49675,0.89358,0.59072,0.54894,0.54887,0.3477,1.31569,1.02732,1.0619,0.000721645,0.000721645,0.000721645
252,996.304,0.93105,0.48864,0.89884,0.76964,0.87869,0.84922,0.58574,1.09279,0.5586,0.93393,0.000718816,0.000718816,0.000718816
253,1012.93,0.92538,0.48121,0.89553,0.81539,0.89572,0.87202,0.60521,1.08505,0.54993,0.93466,0.000715986,0.000715986,0.000715986
254,1029.53,0.9316,0.48724,0.89591,0.79055,0.90513,0.84289,0.57501,1.10045,0.56904,0.94274,0.000713157,0.000713157,0.000713157
255,1046.16,0.93486,0.48914,0.89679,0.66109,0.74574,0.6761,0.44426,1.1619,0.61578,0.96582,0.000710327,0.000710327,0.000710327
256,1062.74,0.94013,0.49872,0.89378,0.80834,0.90452,0.86567,0.59549,1.10564,0.5566,0.93261,0.000707498,0.000707498,0.000707498
257,1079.43,0.9357,0.49267,0.89618,0.8012,0.87317,0.85206,0.58923,1.09725,0.5626,0.93794,0.000704668,0.000704668,0.000704668
258,1095.99,0.93421,0.48496,0.89463,0.80473,0.8811,0.86147,0.59666,1.09397,0.55692,0.93483,0.000701839,0.000701839,0.000701839
259,1112.6,0.92197,0.48712,0.89602,0.61088,0.5717,0.57672,0.36783,1.26738,0.80926,1.0322,0.00069901,0.00069901,0.00069901
260,1129.13,0.916,0.48251,0.88772,0.78437,0.90942,0.85669,0.59485,1.08468,0.54867,0.93019,0.00069618,0.00069618,0.00069618
261,1145.75,0.92365,0.48156,0.8913,0.8001,0.87316,0.85378,0.59085,1.10273,0.56078,0.94377,0.000693351,0.000693351,0.000693351
262,1162.21,0.91786,0.47774,0.89304,0.81572,0.90061,0.87209,0.60088,1.09382,0.55037,0.9326,0.000690521,0.000690521,0.000690521
263,1178.74,0.92773,0.49114,0.89424,0.81714,0.87311,0.85744,0.59159,1.09179,0.55755,0.93723,0.000687692,0.000687692,0.000687692
264,1195.28,0.93659,0.49397,0.89609,0.80495,0.88931,0.85167,0.58125,1.10201,0.56383,0.93821,0.000684863,0.000684863,0.000684863
265,1211.87,0.92059,0.48402,0.894,0.80462,0.88436,0.86052,0.58949,1.10684,0.5611,0.94295,0.000682033,0.000682033,0.000682033
266,1228.38,0.90942,0.47578,0.89271,0.7956,0.90977,0.86823,0.598,1.10428,0.55674,0.9392,0.000679204,0.000679204,0.000679204
267,1245.03,0.91111,0.48112,0.88989,0.80232,0.89426,0.85441,0.58665,1.09387,0.55587,0.93709,0.000676374,0.000676374,0.000676374
268,1261.6,0.94201,0.49337,0.89928,0.78569,0.88948,0.84845,0.58574,1.09742,0.55917,0.93648,0.000673545,0.000673545,0.000673545
269,1278.16,0.92076,0.48208,0.89156,0.77468,0.85953,0.81451,0.54999,1.12731,0.59353,0.94943,0.000670715,0.000670715,0.000670715
270,1294.74,0.90804,0.47956,0.8885,0.68492,0.7675,0.70505,0.45577,1.18225,0.63481,0.97923,0.000667886,0.000667886,0.000667886
271,1311.4,0.91183,0.48029,0.89213,0.78868,0.90832,0.86102,0.59415,1.09439,0.55699,0.94128,0.000665057,0.000665057,0.000665057
272,1327.88,0.90335,0.47322,0.89152,0.80811,0.87658,0.84476,0.5784,1.10427,0.55913,0.94003,0.000662227,0.000662227,0.000662227
273,1344.47,0.90804,0.47937,0.88926,0.78492,0.9025,0.84416,0.57887,1.09705,0.55735,0.9418,0.000659398,0.000659398,0.000659398
274,1361.05,0.9215,0.4854,0.89905,0.80558,0.88575,0.85204,0.58794,1.09856,0.55266,0.93668,0.000656568,0.000656568,0.000656568
275,1377.67,0.91125,0.47407,0.8878,0.73888,0.87471,0.80771,0.54191,1.12965,0.58143,0.95225,0.000653739,0.000653739,0.000653739
276,1394.17,0.91235,0.46989,0.88882,0.788,0.91325,0.85422,0.58938,1.10464,0.55771,0.93628,0.000650909,0.000650909,0.000650909
277,1410.77,0.90218,0.47444,0.88927,0.8044,0.88047,0.86326,0.59978,1.10145,0.54998,0.9362,0.00064808,0.00064808,0.00064808
278,1427.33,0.898,0.47831,0.88753,0.75816,0.88131,0.82593,0.55862,1.108,0.56655,0.93906,0.000645251,0.000645251,0.000645251
279,1443.89,0.89884,0.47559,0.89374,0.82744,0.87932,0.87876,0.60661,1.1011,0.55021,0.93738,0.000642421,0.000642421,0.000642421
280,1460.51,0.90492,0.47345,0.89098,0.80108,0.89598,0.8553,0.5859,1.10638,0.56611,0.93732,0.000639592,0.000639592,0.000639592
281,1477.03,0.90315,0.47513,0.89333,0.78123,0.9062,0.84993,0.58866,1.10248,0.55852,0.93602,0.000636762,0.000636762,0.000636762
282,1493.53,0.8975,0.48196,0.89358,0.78714,0.89926,0.84803,0.58792,1.10023,0.55874,0.93608,0.000633933,0.000633933,0.000633933
283,1510.13,0.91248,0.48263,0.89029,0.80261,0.86285,0.85071,0.58635,1.11093,0.56628,0.94331,0.000631104,0.000631104,0.000631104
284,1526.71,0.90272,0.47634,0.88668,0.7788,0.83329,0.80297,0.53727,1.14543,0.5949,0.96365,0.000628274,0.000628274,0.000628274
285,1543.36,0.90019,0.47702,0.88598,0.79261,0.88549,0.84975,0.58794,1.11305,0.56901,0.9489,0.000625445,0.000625445,0.000625445
286,1559.89,0.88381,0.46857,0.887,0.81397,0.90453,0.85891,0.59029,1.10425,0.56512,0.94027,0.000622615,0.000622615,0.000622615
287,1576.46,0.89886,0.47157,0.88951,0.76817,0.90413,0.84776,0.58661,1.1039,0.56083,0.94157,0.000619786,0.000619786,0.000619786
288,1592.96,0.90056,0.47233,0.88911,0.78504,0.89062,0.8509,0.58822,1.10599,0.5625,0.94037,0.000616956,0.000616956,0.000616956
289,1609.6,0.88561,0.46138,0.88458,0.59203,0.57095,0.5558,0.35349,1.2893,0.87485,1.05469,0.000614127,0.000614127,0.000614127
290,1626.1,0.90674,0.47452,0.8915,0.77459,0.90084,0.83769,0.57374,1.11692,0.5685,0.94122,0.000611298,0.000611298,0.000611298
291,1642.7,0.88692,0.47048,0.88651,0.79826,0.89634,0.86242,0.59894,1.10229,0.55419,0.93922,0.000608468,0.000608468,0.000608468
292,1659.2,0.89036,0.46493,0.88751,0.80057,0.90516,0.86652,0.59909,1.10415,0.55766,0.94107,0.000605639,0.000605639,0.000605639
293,1675.83,0.88259,0.46929,0.88503,0.78614,0.90617,0.85996,0.59408,1.10605,0.55942,0.93421,0.000602809,0.000602809,0.000602809
294,1692.29,0.88719,0.46636,0.88755,0.78665,0.89705,0.85713,0.59093,1.10717,0.56218,0.93768,0.00059998,0.00059998,0.00059998
295,1708.91,0.89133,0.46749,0.88369,0.71367,0.79519,0.73995,0.49387,1.12317,0.5787,0.94805,0.000597151,0.000597151,0.000597151
296,1725.42,0.87566,0.46302,0.88718,0.79736,0.90479,0.85748,0.59261,1.10259,0.55501,0.93697,0.000594321,0.000594321,0.000594321
297,1741.96,0.89874,0.47128,0.88673,0.78152,0.90788,0.85073,0.59006,1.09351,0.56049,0.93537,0.000591492,0.000591492,0.000591492
298,1758.45,0.87079,0.46183,0.886,0.77123,0.88916,0.83132,0.554,1.12042,0.57694,0.946,0.000588662,0.000588662,0.000588662
299,1775.01,0.87024,0.46293,0.88186,0.77186,0.89555,0.85143,0.58635,1.10328,0.56013,0.93535,0.000585833,0.000585833,0.000585833
300,1791.52,0.89394,0.46099,0.88426,0.79212,0.89765,0.85129,0.59282,1.09835,0.55827,0.93731,0.000583003,0.000583003,0.000583003
301,1808.08,0.88367,0.45918,0.88633,0.80366,0.8859,0.86091,0.59745,1.10474,0.55742,0.93896,0.000580174,0.000580174,0.000580174
302,1824.67,0.87475,0.45608,0.8857,0.81992,0.88585,0.86871,0.59657,1.10898,0.55695,0.94246,0.000577345,0.000577345,0.000577345
303,1841.33,0.86822,0.4495,0.88048,0.76596,0.85846,0.81142,0.54815,1.11676,0.566,0.94153,0.000574515,0.000574515,0.000574515
304,1858,0.86525,0.45207,0.88006,0.77119,0.87624,0.81387,0.54916,1.12267,0.57258,0.94526,0.000571686,0.000571686,0.000571686
305,1874.63,0.85941,0.45168,0.88058,0.80657,0.89398,0.86491,0.60027,1.10291,0.55359,0.93712,0.000568856,0.000568856,0.000568856
306,1891.23,0.87593,0.45826,0.88314,0.7541,0.86706,0.81579,0.54476,1.13934,0.58604,0.95588,0.000566027,0.000566027,0.000566027
307,1907.87,0.86733,0.454,0.88258,0.79394,0.88355,0.86282,0.59459,1.10696,0.56171,0.94177,0.000563197,0.000563197,0.000563197
308,1924.46,0.87106,0.45135,0.88167,0.77704,0.88912,0.85731,0.59347,1.11085,0.56395,0.93963,0.000560368,0.000560368,0.000560368
309,1941,0.88908,0.45679,0.88676,0.82045,0.86299,0.86184,0.59545,1.10869,0.55599,0.93509,0.000557539,0.000557539,0.000557539
310,1957.61,0.90136,0.46525,0.89338,0.76066,0.86327,0.81485,0.53724,1.13085,0.57643,0.94849,0.000554709,0.000554709,0.000554709
311,1974.21,0.89688,0.47624,0.89781,0.82381,0.85231,0.87205,0.60244,1.09987,0.55471,0.93515,0.00055188,0.00055188,0.00055188
312,1990.71,0.86446,0.44759,0.88547,0.80267,0.89581,0.87066,0.60313,1.10457,0.55555,0.93314,0.00054905,0.00054905,0.00054905
313,2007.35,0.85556,0.45026,0.87966,0.80952,0.89516,0.85979,0.59199,1.10879,0.55493,0.93931,0.000546221,0.000546221,0.000546221
314,2023.96,0.85564,0.45252,0.87925,0.779,0.9114,0.85624,0.59522,1.10872,0.55437,0.93837,0.000543392,0.000543392,0.000543392
315,2040.85,0.85778,0.4503,0.87955,0.76277,0.85883,0.81789,0.55263,1.11592,0.56593,0.94057,0.000540562,0.000540562,0.000540562
316,2057.42,0.84381,0.44214,0.87764,0.78538,0.8954,0.86153,0.59339,1.11211,0.56026,0.94039,0.000537733,0.000537733,0.000537733
317,2073.97,0.85884,0.45882,0.88306,0.8108,0.87645,0.86437,0.59605,1.12153,0.56669,0.94698,0.000534903,0.000534903,0.000534903
318,2090.53,0.86281,0.45447,0.87972,0.80018,0.89447,0.86502,0.59281,1.11246,0.55843,0.94132,0.000532074,0.000532074,0.000532074
319,2107.22,0.85436,0.44963,0.87596,0.79733,0.89722,0.86438,0.59057,1.11278,0.56147,0.94124,0.000529244,0.000529244,0.000529244
320,2123.75,0.85066,0.44703,0.87918,0.79455,0.90693,0.87426,0.59902,1.11761,0.55905,0.9379,0.000526415,0.000526415,0.000526415
321,2140.36,0.86046,0.45431,0.87914,0.75963,0.88189,0.82028,0.55869,1.12336,0.56792,0.94485,0.000523586,0.000523586,0.000523586
322,2156.92,0.8543,0.44859,0.87586,0.80378,0.86863,0.84479,0.58036,1.11364,0.56029,0.94329,0.000520756,0.000520756,0.000520756
323,2173.48,0.84759,0.4439,0.87442,0.82244,0.86674,0.86625,0.59643,1.11533,0.55766,0.94457,0.000517927,0.000517927,0.000517927
324,2190.06,0.85539,0.45214,0.88092,0.79601,0.88348,0.84875,0.58214,1.12422,0.56376,0.94468,0.000515097,0.000515097,0.000515097
325,2206.68,0.84834,0.4454,0.87683,0.81246,0.8799,0.8702,0.60131,1.11329,0.55445,0.94059,0.000512268,0.000512268,0.000512268
326,2223.21,0.84741,0.44971,0.87831,0.79065,0.89459,0.86308,0.59719,1.113,0.56172,0.93967,0.000509438,0.000509438,0.000509438
327,2239.88,0.85353,0.45865,0.88266,0.77961,0.91776,0.87166,0.60283,1.1147,0.56073,0.94259,0.000506609,0.000506609,0.000506609
328,2256.36,0.84577,0.44383,0.87725,0.82429,0.86505,0.87482,0.60579,1.11324,0.55584,0.9425,0.00050378,0.00050378,0.00050378
329,2272.9,0.84749,0.44379,0.88194,0.81187,0.85772,0.85702,0.59073,1.1249,0.56167,0.94966,0.00050095,0.00050095,0.00050095
330,2289.47,0.83449,0.4431,0.8763,0.78242,0.9025,0.84462,0.57552,1.12198,0.56339,0.94355,0.000498121,0.000498121,0.000498121
331,2306.09,0.84677,0.44531,0.87587,0.78798,0.8957,0.8503,0.58246,1.11511,0.56606,0.9459,0.000495291,0.000495291,0.000495291
332,2322.62,0.84398,0.44402,0.87583,0.80241,0.88998,0.85686,0.59144,1.11371,0.56332,0.94632,0.000492462,0.000492462,0.000492462
333,2339.25,0.83388,0.44517,0.87428,0.80841,0.87965,0.87051,0.602,1.11558,0.56076,0.94323,0.000489633,0.000489633,0.000489633
334,2355.83,0.84972,0.44529,0.87555,0.75355,0.79357,0.7722,0.5247,1.15022,0.59279,0.95975,0.000486803,0.000486803,0.000486803
335,2372.44,0.83635,0.44846,0.87808,0.80609,0.87749,0.86263,0.59664,1.11439,0.55763,0.94394,0.000483974,0.000483974,0.000483974
336,2388.95,0.83788,0.43657,0.87925,0.81116,0.89851,0.87664,0.60606,1.11679,0.55916,0.94285,0.000481144,0.000481144,0.000481144
337,2405.58,0.82232,0.43286,0.87431,0.80892,0.88348,0.87482,0.608,1.11383,0.55649,0.93995,0.000478315,0.000478315,0.000478315
338,2422.25,0.83784,0.43897,0.87606,0.80257,0.87692,0.86119,0.5994,1.11855,0.55917,0.94119,0.000475485,0.000475485,0.000475485
339,2438.81,0.81998,0.43385,0.87033,0.78398,0.90054,0.8657,0.6003,1.11952,0.56267,0.94776,0.000472656,0.000472656,0.000472656
340,2455.32,0.81994,0.43802,0.87398,0.80617,0.90749,0.87667,0.60481,1.11491,0.55417,0.9422,0.000469827,0.000469827,0.000469827
341,2471.93,0.82084,0.43433,0.87326,0.81717,0.876,0.87582,0.60258,1.11439,0.55702,0.9427,0.000466997,0.000466997,0.000466997
342,2488.45,0.83108,0.43739,0.87698,0.79419,0.91253,0.87279,0.60191,1.11199,0.55668,0.94038,0.000464168,0.000464168,0.000464168
343,2505.1,0.82631,0.43778,0.87777,0.80112,0.89873,0.8738,0.60119,1.11965,0.55939,0.94177,0.000461338,0.000461338,0.000461338
344,2521.61,0.84122,0.43941,0.87866,0.82355,0.86892,0.87084,0.60072,1.11619,0.55798,0.94282,0.000458509,0.000458509,0.000458509
345,2538.18,0.82909,0.436,0.8719,0.79465,0.89307,0.87241,0.60125,1.11164,0.55278,0.94132,0.00045568,0.00045568,0.00045568
346,2554.66,0.82163,0.43393,0.8727,0.79842,0.89572,0.86275,0.59669,1.11593,0.55244,0.94145,0.00045285,0.00045285,0.00045285
347,2571.25,0.81776,0.42931,0.87526,0.81364,0.88014,0.86832,0.59826,1.12519,0.56262,0.94525,0.000450021,0.000450021,0.000450021
348,2587.79,0.83217,0.44148,0.87757,0.80591,0.89138,0.87776,0.60384,1.1228,0.55699,0.94356,0.000447191,0.000447191,0.000447191
349,2604.37,0.82559,0.43706,0.87555,0.81709,0.88664,0.8728,0.60106,1.11434,0.55575,0.94022,0.000444362,0.000444362,0.000444362
350,2620.83,0.80279,0.42592,0.87329,0.81352,0.89812,0.87609,0.60498,1.11411,0.55329,0.94284,0.000441532,0.000441532,0.000441532
351,2637.41,0.81861,0.43362,0.87357,0.80149,0.89118,0.86996,0.60141,1.12141,0.55696,0.94285,0.000438703,0.000438703,0.000438703
352,2653.94,0.81267,0.43132,0.86922,0.72997,0.77093,0.75757,0.50808,1.14992,0.59087,0.95313,0.000435874,0.000435874,0.000435874
353,2670.46,0.81464,0.43157,0.87291,0.8062,0.89286,0.86467,0.59698,1.12065,0.56317,0.94539,0.000433044,0.000433044,0.000433044
354,2686.94,0.80943,0.42954,0.86983,0.8267,0.88625,0.87102,0.60249,1.1175,0.55985,0.94412,0.000430215,0.000430215,0.000430215
355,2703.49,0.81202,0.43298,0.86998,0.81483,0.88198,0.86481,0.59616,1.11885,0.55775,0.94579,0.000427385,0.000427385,0.000427385
356,2719.92,0.81403,0.4329,0.87581,0.80677,0.89858,0.87112,0.59813,1.12452,0.56652,0.94505,0.000424556,0.000424556,0.000424556
357,2736.56,0.82227,0.43292,0.87148,0.79644,0.89747,0.85929,0.58955,1.12792,0.56316,0.94691,0.000421726,0.000421726,0.000421726
358,2753.11,0.81744,0.4262,0.87212,0.80721,0.88997,0.86253,0.59845,1.12171,0.55904,0.94589,0.000418897,0.000418897,0.000418897
359,2769.67,0.81348,0.43139,0.87042,0.81938,0.87266,0.863,0.59244,1.13112,0.56743,0.95275,0.000416068,0.000416068,0.000416068
360,2786.22,0.80347,0.42855,0.86873,0.81299,0.87882,0.86427,0.59806,1.12123,0.56112,0.94716,0.000413238,0.000413238,0.000413238
361,2802.74,0.79673,0.42405,0.86662,0.82743,0.86499,0.86925,0.60253,1.12013,0.5553,0.94347,0.000410409,0.000410409,0.000410409
362,2819.3,0.80331,0.42805,0.86953,0.81943,0.87763,0.86477,0.5999,1.1194,0.55651,0.94307,0.000407579,0.000407579,0.000407579
363,2835.88,0.82061,0.44271,0.87793,0.79143,0.9049,0.86198,0.59737,1.11979,0.56039,0.94584,0.00040475,0.00040475,0.00040475
364,2852.44,0.80081,0.4245,0.8688,0.82667,0.85862,0.86485,0.59935,1.11969,0.56133,0.94517,0.000401921,0.000401921,0.000401921
365,2869.04,0.80044,0.4252,0.87059,0.81336,0.86919,0.86161,0.59862,1.12323,0.56301,0.94583,0.000399091,0.000399091,0.000399091
366,2885.58,0.81277,0.4378,0.87303,0.81306,0.86901,0.85726,0.59271,1.11997,0.55967,0.94361,0.000396262,0.000396262,0.000396262
367,2902.18,0.79405,0.42252,0.86916,0.80416,0.88474,0.85902,0.59479,1.11692,0.55818,0.94337,0.000393432,0.000393432,0.000393432
368,2918.7,0.80572,0.43192,0.87002,0.80878,0.88151,0.86236,0.59501,1.11755,0.55493,0.94387,0.000390603,0.000390603,0.000390603
369,2935.25,0.79734,0.42695,0.87467,0.809,0.87644,0.86479,0.59614,1.11759,0.55434,0.94739,0.000387773,0.000387773,0.000387773
370,2951.8,0.80442,0.42948,0.87271,0.80201,0.88719,0.86451,0.59292,1.1239,0.55509,0.94902,0.000384944,0.000384944,0.000384944
371,2968.42,0.79697,0.42549,0.87139,0.81777,0.88215,0.87239,0.59817,1.12938,0.56074,0.94853,0.000382115,0.000382115,0.000382115
372,2985.09,0.79004,0.41902,0.86538,0.81296,0.883,0.87003,0.59823,1.12919,0.56286,0.95117,0.000379285,0.000379285,0.000379285
373,3001.68,0.7928,0.42318,0.86817,0.80463,0.88518,0.868,0.59697,1.1323,0.56388,0.94883,0.000376456,0.000376456,0.000376456
374,3018.15,0.78648,0.41982,0.86888,0.80926,0.86878,0.85932,0.58606,1.13369,0.56384,0.94895,0.000373626,0.000373626,0.000373626
375,3034.72,0.79096,0.42428,0.87334,0.78504,0.90716,0.86193,0.59345,1.12853,0.56285,0.94889,0.000370797,0.000370797,0.000370797
376,3051.23,0.78475,0.42294,0.86952,0.79377,0.89261,0.86675,0.59925,1.12662,0.56118,0.9496,0.000367967,0.000367967,0.000367967
377,3067.78,0.79382,0.41714,0.86894,0.82394,0.85502,0.872,0.60152,1.12814,0.56035,0.94679,0.000365138,0.000365138,0.000365138
378,3084.36,0.79194,0.42112,0.87049,0.80556,0.89696,0.87452,0.60663,1.12235,0.55545,0.94581,0.000362309,0.000362309,0.000362309
379,3100.94,0.79905,0.42395,0.87067,0.75023,0.81822,0.7852,0.51767,1.15858,0.58932,0.966,0.000359479,0.000359479,0.000359479
380,3117.49,0.78396,0.41836,0.86912,0.82187,0.8742,0.86982,0.60019,1.12827,0.56038,0.95208,0.00035665,0.00035665,0.00035665
381,3133.96,0.79027,0.42385,0.87367,0.79979,0.88725,0.86114,0.59291,1.13144,0.5612,0.95134,0.00035382,0.00035382,0.00035382
382,3150.42,0.77663,0.41494,0.86678,0.80298,0.91171,0.87873,0.6047,1.13456,0.5609,0.95522,0.000350991,0.000350991,0.000350991
383,3166.99,0.78342,0.41679,0.86657,0.81845,0.88104,0.86758,0.59891,1.12995,0.55837,0.95383,0.000348162,0.000348162,0.000348162
384,3183.52,0.78425,0.41804,0.86714,0.78728,0.91113,0.86474,0.59436,1.13111,0.56083,0.95066,0.000345332,0.000345332,0.000345332
385,3200.01,0.7831,0.41806,0.86699,0.81606,0.87931,0.87077,0.60056,1.12217,0.55633,0.94779,0.000342503,0.000342503,0.000342503
386,3216.52,0.7744,0.41381,0.86492,0.79869,0.90481,0.87388,0.60319,1.12433,0.55669,0.94617,0.000339673,0.000339673,0.000339673
387,3233.07,0.7849,0.42034,0.86917,0.80854,0.8979,0.87312,0.60259,1.139,0.56689,0.95218,0.000336844,0.000336844,0.000336844
388,3249.51,0.77722,0.41567,0.86712,0.79763,0.90799,0.86878,0.60137,1.13469,0.56242,0.95298,0.000334014,0.000334014,0.000334014
389,3266.08,0.78193,0.41867,0.86448,0.79973,0.91176,0.87,0.59818,1.13254,0.56134,0.95241,0.000331185,0.000331185,0.000331185
390,3282.54,0.77744,0.4102,0.86461,0.80307,0.90758,0.87147,0.60211,1.12608,0.56001,0.95051,0.000328356,0.000328356,0.000328356
391,3299.05,0.77671,0.41561,0.86551,0.79681,0.91042,0.87092,0.60391,1.12616,0.55732,0.94849,0.000325526,0.000325526,0.000325526
392,3315.52,0.77273,0.41199,0.86559,0.80657,0.89786,0.87218,0.60404,1.12397,0.5563,0.94894,0.000322697,0.000322697,0.000322697
393,3332.06,0.76548,0.41013,0.86529,0.81554,0.87268,0.871,0.60341,1.13038,0.55873,0.95293,0.000319867,0.000319867,0.000319867
394,3348.55,0.76633,0.41005,0.86346,0.8024,0.90575,0.87485,0.6051,1.13612,0.56205,0.95742,0.000317038,0.000317038,0.000317038
395,3365.13,0.77485,0.41542,0.865,0.81912,0.89356,0.87231,0.59902,1.13297,0.56125,0.95155,0.000314209,0.000314209,0.000314209
396,3381.62,0.77925,0.41557,0.86873,0.79997,0.9026,0.86818,0.59574,1.13156,0.56518,0.95181,0.000311379,0.000311379,0.000311379
397,3398.15,0.75978,0.40815,0.8628,0.80518,0.89307,0.86268,0.5946,1.12898,0.56438,0.9501,0.00030855,0.00030855,0.00030855
398,3414.66,0.76834,0.4116,0.86708,0.78344,0.87961,0.84964,0.57812,1.13947,0.56835,0.95402,0.00030572,0.00030572,0.00030572
399,3431.22,0.76566,0.41168,0.86423,0.79781,0.88732,0.86175,0.5971,1.13731,0.56257,0.95331,0.000302891,0.000302891,0.000302891
400,3447.7,0.76556,0.41268,0.86134,0.80339,0.88335,0.86479,0.59764,1.1334,0.55621,0.95451,0.000300061,0.000300061,0.000300061
401,3464.21,0.76619,0.41328,0.86737,0.80786,0.87594,0.86104,0.5946,1.13398,0.55707,0.95282,0.000297232,0.000297232,0.000297232
402,3480.76,0.76941,0.41133,0.8652,0.80845,0.89356,0.86472,0.59823,1.13298,0.55965,0.95193,0.000294403,0.000294403,0.000294403
403,3497.32,0.76574,0.4111,0.86446,0.80546,0.8865,0.86335,0.59817,1.13325,0.56183,0.95236,0.000291573,0.000291573,0.000291573
404,3513.84,0.75568,0.40697,0.86484,0.81992,0.87789,0.86932,0.60355,1.12809,0.56132,0.95249,0.000288744,0.000288744,0.000288744
405,3530.35,0.75768,0.40946,0.86067,0.82855,0.86159,0.87085,0.59836,1.13852,0.56227,0.95568,0.000285914,0.000285914,0.000285914
406,3546.89,0.76298,0.41027,0.86556,0.82087,0.88378,0.86886,0.59684,1.13234,0.56367,0.95285,0.000283085,0.000283085,0.000283085
407,3563.34,0.7557,0.40589,0.86303,0.81118,0.88035,0.86342,0.59206,1.13806,0.56687,0.95602,0.000280255,0.000280255,0.000280255
408,3579.77,0.74949,0.40511,0.86332,0.80443,0.88401,0.86347,0.59286,1.1336,0.56345,0.95478,0.000277426,0.000277426,0.000277426
409,3596.31,0.75368,0.40949,0.86265,0.81187,0.89037,0.86874,0.59638,1.13596,0.56477,0.95838,0.000274597,0.000274597,0.000274597
410,3612.84,0.75109,0.40521,0.86144,0.81373,0.89601,0.87015,0.59971,1.13777,0.56541,0.95758,0.000271767,0.000271767,0.000271767
411,3629.44,0.76795,0.41218,0.86267,0.81933,0.87942,0.87264,0.60426,1.13558,0.5604,0.95493,0.000268938,0.000268938,0.000268938
412,3645.99,0.76014,0.40698,0.86367,0.82131,0.88487,0.87147,0.59944,1.1368,0.56216,0.9577,0.000266108,0.000266108,0.000266108
413,3662.6,0.75216,0.40416,0.86223,0.81002,0.88623,0.86585,0.59469,1.13711,0.56189,0.95601,0.000263279,0.000263279,0.000263279
414,3679.15,0.74554,0.40405,0.86022,0.80976,0.88908,0.86433,0.59457,1.13697,0.56336,0.95762,0.00026045,0.00026045,0.00026045
415,3695.72,0.73873,0.39806,0.86012,0.81414,0.88382,0.86506,0.59641,1.13582,0.56302,0.95846,0.00025762,0.00025762,0.00025762
416,3712.23,0.75602,0.40548,0.86509,0.8181,0.88056,0.87092,0.60292,1.13418,0.56256,0.95829,0.000254791,0.000254791,0.000254791
417,3728.8,0.73595,0.39682,0.85914,0.8075,0.90509,0.87275,0.60113,1.13142,0.55984,0.95643,0.000251961,0.000251961,0.000251961
418,3745.31,0.7509,0.40309,0.86311,0.81467,0.89291,0.86989,0.60148,1.13321,0.55559,0.95547,0.000249132,0.000249132,0.000249132
419,3761.96,0.74408,0.40388,0.86203,0.82591,0.86986,0.86767,0.5989,1.13727,0.55938,0.95513,0.000246302,0.000246302,0.000246302
420,3778.45,0.74279,0.40215,0.86139,0.82728,0.87329,0.86599,0.59548,1.13958,0.56091,0.95709,0.000243473,0.000243473,0.000243473
421,3795.01,0.74976,0.4042,0.86056,0.83072,0.86133,0.86613,0.5989,1.1386,0.56309,0.95756,0.000240644,0.000240644,0.000240644
422,3811.55,0.74357,0.40128,0.86005,0.82054,0.88282,0.86727,0.59742,1.13875,0.56226,0.95891,0.000237814,0.000237814,0.000237814
423,3828.2,0.75111,0.40605,0.86103,0.81845,0.88145,0.86734,0.59596,1.14046,0.56241,0.95925,0.000234985,0.000234985,0.000234985
424,3844.71,0.73977,0.40078,0.85616,0.81334,0.88488,0.86591,0.59594,1.13693,0.5632,0.95677,0.000232155,0.000232155,0.000232155
425,3861.31,0.74319,0.4068,0.86288,0.81797,0.87112,0.86429,0.59461,1.13515,0.55908,0.95553,0.000229326,0.000229326,0.000229326
426,3877.74,0.73022,0.39598,0.85867,0.8105,0.87873,0.86307,0.59446,1.13584,0.55869,0.957,0.000226497,0.000226497,0.000226497
427,3894.3,0.72729,0.39288,0.85536,0.80162,0.89279,0.86062,0.59137,1.13679,0.55931,0.95667,0.000223667,0.000223667,0.000223667
428,3910.76,0.73756,0.39484,0.85934,0.79835,0.88733,0.86129,0.59236,1.13916,0.56498,0.95784,0.000220838,0.000220838,0.000220838
429,3927.36,0.73602,0.39641,0.85773,0.80143,0.88284,0.86044,0.59128,1.13924,0.56481,0.95754,0.000218008,0.000218008,0.000218008
430,3943.97,0.74616,0.40189,0.85998,0.80906,0.87528,0.86067,0.59582,1.13916,0.56309,0.95916,0.000215179,0.000215179,0.000215179
431,3960.59,0.74206,0.40238,0.85984,0.81513,0.87786,0.86,0.59203,1.14007,0.56432,0.95846,0.000212349,0.000212349,0.000212349
432,3977.08,0.74078,0.39775,0.86016,0.79718,0.90118,0.85847,0.59126,1.13842,0.56127,0.95845,0.00020952,0.00020952,0.00020952
433,3993.54,0.73222,0.39391,0.85878,0.79408,0.89862,0.85759,0.58783,1.13809,0.56291,0.95791,0.000206691,0.000206691,0.000206691
434,4010.04,0.72921,0.39247,0.85901,0.80294,0.88001,0.85611,0.59004,1.13948,0.56335,0.96009,0.000203861,0.000203861,0.000203861
435,4026.6,0.73306,0.39764,0.86072,0.80388,0.88894,0.85927,0.59209,1.1387,0.56291,0.95798,0.000201032,0.000201032,0.000201032
436,4043.05,0.74084,0.40226,0.86198,0.80465,0.89683,0.86139,0.59465,1.1385,0.56234,0.95774,0.000198202,0.000198202,0.000198202
437,4059.64,0.72874,0.3934,0.85791,0.79955,0.88966,0.85976,0.59389,1.13727,0.56375,0.95616,0.000195373,0.000195373,0.000195373
